Designator,Mid X,Mid Y,Rotation,Layer
BT1,144.75,-106.375,270.0,top
C1,98.0,-113.5,90.0,top
C10,181.0,-92.5,90.0,top
C11,182.75,-92.5,90.0,top
C12,174.5,-90.5,270.0,top
C13,169.5,-95.0,90.0,top
C14,172.0,-95.0,90.0,top
C15,160.75,-95.5,270.0,top
C16,164.3,-90.25,90.0,top
C17,154.75,-95.5,90.0,top
C18,149.5,-112.25,90.0,top
C19,153.0,-106.25,0.0,top
C2,93.0,-113.5,90.0,top
C20,153.0,-104.75,0.0,top
C21,197.75,-76.4,0.0,top
C22,185.75,-76.4,0.0,top
C23,173.75,-76.4,0.0,top
C24,161.75,-76.4,0.0,top
C25,149.75,-76.4,0.0,top
C26,137.75,-76.4,0.0,top
C27,125.75,-76.4,0.0,top
C28,113.75,-76.4,0.0,top
C29,101.75,-76.4,0.0,top
C3,146.5,-97.0,180.0,top
C30,89.75,-76.4,0.0,top
C31,139.4875,-105.3475,270.0,top
C32,94.0,-83.25,0.0,top
C33,101.0,-87.0,270.0,top
C34,102.75,-87.0,270.0,top
C35,138.0,-98.0,270.0,top
C36,180.25,-107.067621,270.0,top
C37,172.75,-107.067621,270.0,top
C4,146.5,-91.0,0.0,top
C5,143.5,-96.25,90.0,top
C6,143.5,-99.75,270.0,top
C7,140.0,-98.0,270.0,top
C8,133.4875,-105.3475,270.0,top
C9,186.3,-89.0,90.0,top
D1,124.5,-113.5,270.0,top
D10,202.6,-91.8,270.0,top
D11,199.6,-91.8,270.0,top
D12,196.6,-91.8,270.0,top
D13,193.5,-71.0,0.0,top
D14,190.25,-64.75,0.0,top
D15,181.5,-71.0,0.0,top
D16,178.25,-64.75,0.0,top
D17,169.5,-71.0,0.0,top
D18,166.25,-64.75,0.0,top
D19,157.5,-71.0,0.0,top
D2,99.0,-123.25,180.0,top
D20,154.25,-64.75,0.0,top
D21,145.5,-71.0,0.0,top
D22,142.25,-64.75,0.0,top
D23,133.5,-71.0,0.0,top
D24,130.25,-64.75,0.0,top
D25,121.5,-71.0,0.0,top
D26,118.25,-64.75,0.0,top
D27,109.5,-71.0,0.0,top
D28,106.25,-64.75,0.0,top
D29,97.5,-71.0,0.0,top
D3,98.96414,-130.75,180.0,top
D30,94.25,-64.75,0.0,top
D31,85.5,-71.0,0.0,top
D32,82.25,-64.75,0.0,top
D33,198.0,-74.5,0.0,top
D34,186.0,-74.5,0.0,top
D35,174.0,-74.5,0.0,top
D36,162.0,-74.5,0.0,top
D37,150.0,-74.5,0.0,top
D38,138.0,-74.5,0.0,top
D39,126.0,-74.5,0.0,top
D40,114.0,-74.5,0.0,top
D41,102.0,-74.5,0.0,top
D42,90.0,-74.5,0.0,top
D5,186.5,-102.0,0.0,top
D6,166.0,-101.5,0.0,top
D7,166.0,-99.0,0.0,top
D8,166.0,-96.5,0.0,top
F1,199.5,-107.0,90.0,top
J1,138.5,-127.0,180.0,top
J10,146.0,-58.635,0.0,top
J11,134.0,-58.635,0.0,top
J12,122.0,-58.635,0.0,top
J13,110.0,-58.635,0.0,top
J14,98.0,-58.635,0.0,top
J15,86.0,-58.635,0.0,top
J16,76.915,-86.5,90.0,top
J2,124.0,-130.75,0.0,top
J3,177.5,-127.905,180.0,top
J4,157.5,-127.905,180.0,top
J5,76.915,-97.5,90.0,top
J6,194.0,-58.635,0.0,top
J7,182.0,-58.635,0.0,top
J8,170.0,-58.635,0.0,top
J9,158.0,-58.635,0.0,top
L1,141.75,-98.0,90.0,top
L2,175.75,-97.5,180.0,top
Q1,194.0,-74.25,270.0,top
Q10,86.0,-74.25,270.0,top
Q2,182.0,-74.25,270.0,top
Q3,170.0,-74.25,270.0,top
Q4,158.0,-74.25,270.0,top
Q5,146.0,-74.25,270.0,top
Q6,134.0,-74.25,270.0,top
Q7,122.0,-74.25,270.0,top
Q8,110.0,-74.25,270.0,top
Q9,98.0,-74.25,270.0,top
R1,91.0,-113.5,90.0,top
R10,111.0,-113.5,270.0,top
R11,113.0,-113.5,270.0,top
R12,184.5,-92.5,90.0,top
R13,184.5,-89.0,90.0,top
R14,177.25,-88.5,0.0,top
R15,180.05,-89.0,270.0,top
R16,162.55,-93.75,90.0,top
R17,162.55,-90.25,90.0,top
R18,190.4,-96.4,90.0,top
R19,188.6,-96.4,90.0,top
R2,95.5,-113.5,270.0,top
R20,186.8,-96.4,90.0,top
R21,189.0,-115.0,0.0,top
R22,197.0,-70.5875,90.0,top
R23,199.0,-70.5875,90.0,top
R24,191.25,-74.5,270.0,top
R25,189.5,-74.5,270.0,top
R26,185.0,-70.5875,90.0,top
R27,187.0,-70.5875,90.0,top
R28,179.25,-74.5,270.0,top
R29,177.5,-74.5,270.0,top
R3,100.0,-113.5,270.0,top
R30,173.0,-70.5875,90.0,top
R31,175.0,-70.5875,90.0,top
R32,167.25,-74.5,270.0,top
R33,165.5,-74.5,270.0,top
R34,161.0,-70.5875,90.0,top
R35,163.0,-70.5875,90.0,top
R36,155.25,-74.5,270.0,top
R37,153.5,-74.5,270.0,top
R38,149.0,-70.5875,90.0,top
R39,151.0,-70.5875,90.0,top
R4,120.0,-114.5,0.0,top
R40,143.25,-74.5,270.0,top
R41,141.5,-74.5,270.0,top
R42,137.0,-70.5875,90.0,top
R43,139.0,-70.5875,90.0,top
R44,131.25,-74.5,270.0,top
R45,129.5,-74.5,270.0,top
R46,125.0,-70.5875,90.0,top
R47,127.0,-70.5875,90.0,top
R48,119.25,-74.5,270.0,top
R49,117.5,-74.5,270.0,top
R5,129.0,-114.5,180.0,top
R50,113.0,-70.5875,90.0,top
R51,115.0,-70.5875,90.0,top
R52,107.25,-74.5,270.0,top
R53,105.5,-74.5,270.0,top
R54,101.0,-70.5875,90.0,top
R55,103.0,-70.5875,90.0,top
R56,95.25,-74.5,270.0,top
R57,93.5,-74.5,270.0,top
R58,89.0,-70.5875,90.0,top
R59,91.0,-70.5875,90.0,top
R6,102.5,-113.5,270.0,top
R60,83.25,-74.5,270.0,top
R61,81.5,-74.5,270.0,top
R62,90.25,-101.5,270.0,top
R7,104.5,-113.5,270.0,top
R8,106.5,-113.5,270.0,top
R9,109.0,-113.5,270.0,top
S1,83.5,-123.0,0.0,top
S2,83.5,-127.5,0.0,top
S3,83.5,-132.0,0.0,top
S4,194.0,-128.0,0.0,top
S5,77.0,-110.0,270.0,top
U1,130.0,-95.0,90.0,top
U2,177.25,-92.0,270.0,top
U3,157.75,-95.5,180.0,top
U4,153.0,-110.75,180.0,top
U5,96.25,-87.0,90.0,top
Y1,146.5,-94.0,90.0,top
Y2,136.5,-104.495,0.0,top
